name,price
"Apple 2024 MacBook Air med M2-chip: 13,6-tums Liquid Retina-skärm, 16GB RAM-minne, 256GB SSD-lagring, bakbelyst tangentbord, FaceTime HD-kamera med 1080p. Funkar med iPhone/iPad; midnattsblå",13 495
"Apple 2024 MacBook Air med M2-chip: 13,6-tums Liquid Retina-skärm, 16GB RAM-minne, 256GB SSD-lagring, bakbelyst tangentbord, FaceTime HD-kamera med 1080p. Funkar med iPhone/iPad; rymdgrå",13 490
"Apple 2024 MacBook Air med M2-chip: 13,6-tums Liquid Retina-skärm, 16GB RAM-minne, 256GB SSD-lagring, bakbelyst tangentbord, FaceTime HD-kamera med 1080p. Funkar med iPhone/iPad; silver",13 495
"Apple 2024 MacBook Air med M2-chip: 13,6-tums Liquid Retina-skärm, 16GB RAM-minne, 256GB SSD-lagring, bakbelyst tangentbord, FaceTime HD-kamera med 1080p. Funkar med iPhone/iPad; stjärnglans",13 490
"Apple 2024 MacBook Air med M2-chip: 13,6-tums Liquid Retina-skärm, 16GB RAM-minne, 256GB SSD-lagring, bakbelyst tangentbord, FaceTime HD-kamera med 1080p. Funkar med iPhone/iPad; midnattsblå",13 495
"Apple 2024 MacBook Air med M2-chip: 13,6-tums Liquid Retina-skärm, 16GB RAM-minne, 256GB SSD-lagring, bakbelyst tangentbord, FaceTime HD-kamera med 1080p. Funkar med iPhone/iPad; midnattsblå",13 495
"Apple 2024 MacBook Air med M2-chip: 13,6-tums Liquid Retina-skärm, 16GB RAM-minne, 256GB SSD-lagring, bakbelyst tangentbord, FaceTime HD-kamera med 1080p. Funkar med iPhone/iPad; midnattsblå",13 495
"Apple 2024 13-tums MacBook Air med Apples M3-chip: 13,6-tums Liquid Retina-skärm, 16 GB enhetligt minne, 256 GB SSD-lagring, bakbelyst tangentbord, FaceTime HD- kamera med 1080p, Touch ID. Rymdgrå",15 490
"Apple 2024 13-tums MacBook Air med Apples M3-chip: 13,6-tums Liquid Retina-skärm, 16 GB enhetligt minne, 256 GB SSD-lagring, bakbelyst tangentbord, FaceTime HD- kamera med 1080p, Touch ID. Rymdgrå",15 490
"Apple 2024 13-tums MacBook Air med Apples M3-chip: 13,6-tums Liquid Retina-skärm, 16 GB enhetligt minne, 256 GB SSD-lagring, bakbelyst tangentbord, FaceTime HD- kamera med 1080p, Touch ID. Rymdgrå",15 490
"Apple 2024 13-tums MacBook Air med Apples M3-chip: 13,6-tums Liquid Retina-skärm, 16 GB enhetligt minne, 256 GB SSD-lagring, bakbelyst tangentbord, FaceTime HD- kamera med 1080p, Touch ID. Rymdgrå",15 490
"Apple 2024 15-tums MacBook Air med Apples M3-chip: 15,3-tums Liquid Retina-skärm, 16 GB enhetligt minne, 512 GB SSD-lagring, bakbelyst tangentbord, FaceTime HD-kamera med 1080p, Touch ID. Midnatt",18 990
"Apple 2024 15-tums MacBook Air med Apples M3-chip: 15,3-tums Liquid Retina-skärm, 16 GB enhetligt minne, 512 GB SSD-lagring, bakbelyst tangentbord, FaceTime HD-kamera med 1080p, Touch ID. Midnatt",18 990
"Apple 2024 15-tums MacBook Air med Apples M3-chip: 15,3-tums Liquid Retina-skärm, 16 GB enhetligt minne, 512 GB SSD-lagring, bakbelyst tangentbord, FaceTime HD-kamera med 1080p, Touch ID. Midnatt",18 990
"Apple 2024 15-tums MacBook Air med Apples M3-chip: 15,3-tums Liquid Retina-skärm, 16 GB enhetligt minne, 512 GB SSD-lagring, bakbelyst tangentbord, FaceTime HD-kamera med 1080p, Touch ID. Midnatt",18 990
"Apple 2024 15-tums MacBook Air med Apples M3-chip: 15,3-tums Liquid Retina-skärm, 16 GB enhetligt minne, 512 GB SSD-lagring, bakbelyst tangentbord, FaceTime HD-kamera med 1080p, Touch ID. Midnatt",18 990
"Apple 2023 MacBook Air med M2-chip: 15,3-tums Liquid Retina-skärm, 8 GB RAM-minne, 512 GB SSD-lagring, bakbelyst tangentbord, FaceTime HD-kamera med 1080p; midnattsblå",18 519
"Apple 2023 MacBook Air med M2-chip: 15,3-tums Liquid Retina-skärm, 8 GB RAM-minne, 512 GB SSD-lagring, bakbelyst tangentbord, FaceTime HD-kamera med 1080p; midnattsblå",18 519
"Apple 2023 MacBook Air med M2-chip: 15,3-tums Liquid Retina-skärm, 8 GB RAM-minne, 512 GB SSD-lagring, bakbelyst tangentbord, FaceTime HD-kamera med 1080p; midnattsblå",18 519
"Apple 2023 MacBook Air med M2-chip: 15,3-tums Liquid Retina-skärm, 8 GB RAM-minne, 512 GB SSD-lagring, bakbelyst tangentbord, FaceTime HD-kamera med 1080p; midnattsblå",18 519
"Apple 2023 MacBook Air med M2-chip: 15,3-tums Liquid Retina-skärm, 8 GB RAM-minne, 512 GB SSD-lagring, bakbelyst tangentbord, FaceTime HD-kamera med 1080p; midnattsblå",18 519
"Apple 2020 MacBook Pro (13 tum, Touch Bar, 2,0 GHz fyrkärnig tionde generationen Intel Core i5-processor, 16 GB RAM, 1 TB SSD, fyra Thunderbolt 3-portar) - rymdgrå",9 999
"Apple 2020 MacBook Pro (13 tum, Touch Bar, 2,0 GHz fyrkärnig tionde generationen Intel Core i5-processor, 16 GB RAM, 1 TB SSD, fyra Thunderbolt 3-portar) - rymdgrå",9 999
"Apple 2020 MacBook Pro (13 tum, Touch Bar, 2,0 GHz fyrkärnig tionde generationen Intel Core i5-processor, 16 GB RAM, 1 TB SSD, fyra Thunderbolt 3-portar) - rymdgrå",9 999
"Apple 2024 MacBook Pro med M4 Pro-chip med 12-kärnig processor och 16-kärnig grafik: 14,2-tums Liquid Retina XDR-skärm, 24 GB enhetligt minne, 512 GB SSD-lagring, rymdsvart",28 989
"Apple 2024 MacBook Pro med M4 Pro-chip med 12-kärnig processor och 16-kärnig grafik: 14,2-tums Liquid Retina XDR-skärm, 24 GB enhetligt minne, 512 GB SSD-lagring, rymdsvart",28 989
"Apple 2024 MacBook Pro med M4 Pro-chip med 12-kärnig processor och 16-kärnig grafik: 14,2-tums Liquid Retina XDR-skärm, 24 GB enhetligt minne, 512 GB SSD-lagring, rymdsvart",28 989
"Apple 2024 MacBook Pro med M4 Pro-chip med 12-kärnig processor och 16-kärnig grafik: 14,2-tums Liquid Retina XDR-skärm, 24 GB enhetligt minne, 512 GB SSD-lagring, rymdsvart",28 989
"Apple 2024 MacBook Pro med M4 Pro-chip med 12-kärnig processor och 16-kärnig grafik: 14,2-tums Liquid Retina XDR-skärm, 24 GB enhetligt minne, 512 GB SSD-lagring, rymdsvart",28 989
"2019 Apple MacBook Pro (16 tum, Touch Bar, 2,3 GHz åttakärnig Intel Core i9-processor, 16 GB RAM, 1 TB) - rymdgrå",12 999
"2019 Apple MacBook Pro (16 tum, Touch Bar, 2,3 GHz åttakärnig Intel Core i9-processor, 16 GB RAM, 1 TB) - rymdgrå",12 999
"2019 Apple MacBook Pro (16 tum, Touch Bar, 2,3 GHz åttakärnig Intel Core i9-processor, 16 GB RAM, 1 TB) - rymdgrå",12 999
"Apple 2023 MacBook Pro – bärbar dator med M3-chip med 8 kärnig processor och 10 kärnig grafik, 14,2-tums Liquid Retina XDR-skärm, 8 GB enhetligt minne, 1 TB SSD-lagring; silver",21 576
"Apple 2023 MacBook Pro – bärbar dator med M3-chip med 8 kärnig processor och 10 kärnig grafik, 14,2-tums Liquid Retina XDR-skärm, 8 GB enhetligt minne, 1 TB SSD-lagring; rymdgrå",21 576
"Apple 2023 MacBook Pro – bärbar dator med M3-chip med 8 kärnig processor och 10 kärnig grafik, 14,2-tums Liquid Retina XDR-skärm, 8 GB enhetligt minne, 1 TB SSD-lagring; silver",21 576
"Apple 2023 MacBook Pro – bärbar dator med M3-chip med 8 kärnig processor och 10 kärnig grafik, 14,2-tums Liquid Retina XDR-skärm, 8 GB enhetligt minne, 1 TB SSD-lagring; silver",21 576
"Apple 2023 MacBook Pro – bärbar dator med M3-chip med 8 kärnig processor och 10 kärnig grafik, 14,2-tums Liquid Retina XDR-skärm, 8 GB enhetligt minne, 1 TB SSD-lagring; silver",21 576
"Apple 2023 MacBook Pro – bärbar dator med M3-chip med 8 kärnig processor och 10 kärnig grafik, 14,2-tums Liquid Retina XDR-skärm, 8 GB enhetligt minne, 1 TB SSD-lagring; silver",21 576
"Apple 2023 MacBook Pro – bärbar dator med M3 Pro-chip med 12‑kärnig processor och 18‑kärnig grafik, 16,2-tums Liquid Retina XDR-skärm, 18 GB enhetligt minne, 512 GB SSD-lagring; rymdsvart",31 476
"Apple 2023 MacBook Pro – bärbar dator med M3 Pro-chip med 12‑kärnig processor och 18‑kärnig grafik, 16,2-tums Liquid Retina XDR-skärm, 36 GB enhetligt minne, 512 GB SSD-lagring; silver",36 476
"Apple 2023 MacBook Pro – bärbar dator med M3 Pro-chip med 12‑kärnig processor och 18‑kärnig grafik, 16,2-tums Liquid Retina XDR-skärm, 18 GB enhetligt minne, 512 GB SSD-lagring; rymdsvart",31 476
"Apple 2023 MacBook Pro – bärbar dator med M3 Pro-chip med 12‑kärnig processor och 18‑kärnig grafik, 16,2-tums Liquid Retina XDR-skärm, 18 GB enhetligt minne, 512 GB SSD-lagring; rymdsvart",31 476
"Apple 2024 MacBook Pro med M4 Pro-chip med 14-kärnig processor och 20-kärnig grafik: 16,2-tums Liquid Retina XDR-skärm, 24 GB enhetligt minne, 512 GB SSD-lagring, rymdsvart",35 990
"Apple 2024 MacBook Pro med M4 Pro-chip med 14-kärnig processor och 20-kärnig grafik: 16,2-tums Liquid Retina XDR-skärm, 24 GB enhetligt minne, 512 GB SSD-lagring, rymdsvart",35 990
"Apple 2021 MacBook Pro (16 tum, Apple M1 Pro-chip med tio processor och sexton grafikprocessor, 16 GB RAM, 1 TB SSD) - rymdgrå",32 518
"Apple 2021 MacBook Pro (16 tum, Apple M1 Pro-chip med tio processor och sexton grafikprocessor, 16 GB RAM, 1 TB SSD) - silver",32 518
"Apple 2021 MacBook Pro (16 tum, Apple M1 Pro-chip med tio processor och sexton grafikprocessor, 16 GB RAM, 1 TB SSD) - rymdgrå",32 518
"Apple 2021 MacBook Pro (16 tum, Apple M1 Pro-chip med tio processor och sexton grafikprocessor, 16 GB RAM, 1 TB SSD) - rymdgrå",32 518
"Apple 2021 MacBook Pro (16 tum, Apple M1 Pro-chip med tio processor och sexton grafikprocessor, 16 GB RAM, 1 TB SSD) - rymdgrå",32 518
"Apple MacBook Pro (2023) med M2 Max-chip: 14,2-tums Liquid Retina XDR-skärm, 16 GB RAM-minne, 1 TB SSD-lagring, bakbelyst tangentbord, FaceTime HD-kamera med 1080p. Fungerar med iPhone/iPad; rymdgrå",44 391
"Apple MacBook Pro (2023) med M2 Max-chip: 14,2-tums Liquid Retina XDR-skärm, 16 GB RAM-minne, 1 TB SSD-lagring, bakbelyst tangentbord, FaceTime HD-kamera med 1080p. Fungerar med iPhone/iPad; rymdgrå",44 391
"Apple MacBook Pro (2023) med M2 Max-chip: 14,2-tums Liquid Retina XDR-skärm, 16 GB RAM-minne, 1 TB SSD-lagring, bakbelyst tangentbord, FaceTime HD-kamera med 1080p. Fungerar med iPhone/iPad; rymdgrå",44 391
Apple 240 W usb-c-laddningskabel (2 m) ​​​​​​​,376
Apple 240 W usb-c-laddningskabel (2 m) ​​​​​​​,376
Apple 240 W usb-c-laddningskabel (2 m) ​​​​​​​,376
"Apple 2023 MacBook Pro – bärbar dator med M3 Pro-chip med 11‑kärnig processor och 14‑kärnig grafik, 14,2-tums Liquid Retina XDR-skärm, 18 GB enhetligt minne, 512 GB SSD-lagring; rymdsvart",27 595
"Apple 2023 MacBook Pro – bärbar dator med M3 Pro-chip med 11‑kärnig processor och 14‑kärnig grafik, 14,2-tums Liquid Retina XDR-skärm, 18 GB enhetligt minne, 512 GB SSD-lagring; silver",27 595
"Apple 2023 MacBook Pro – bärbar dator med M3 Pro-chip med 11‑kärnig processor och 14‑kärnig grafik, 14,2-tums Liquid Retina XDR-skärm, 18 GB enhetligt minne, 512 GB SSD-lagring; rymdsvart",27 595
"Apple 2023 MacBook Pro – bärbar dator med M3 Pro-chip med 11‑kärnig processor och 14‑kärnig grafik, 14,2-tums Liquid Retina XDR-skärm, 18 GB enhetligt minne, 512 GB SSD-lagring; rymdsvart",27 595
"Apple 2023 MacBook Pro – bärbar dator med M3 Pro-chip med 11‑kärnig processor och 14‑kärnig grafik, 14,2-tums Liquid Retina XDR-skärm, 18 GB enhetligt minne, 512 GB SSD-lagring; rymdsvart",27 595
"Apple 2023 MacBook Pro – bärbar dator med M3 Pro-chip med 11‑kärnig processor och 14‑kärnig grafik, 14,2-tums Liquid Retina XDR-skärm, 18 GB enhetligt minne, 512 GB SSD-lagring; rymdsvart",27 595
Apple 70 W usb-c-strömadapter ​​​​​​​,739
Apple 70 W usb-c-strömadapter ​​​​​​​,739
Apple 70 W usb-c-strömadapter ​​​​​​​,739
"Apple 2021 MacBook Pro (14 tum, Apple M1 Pro-chip med tio processor och sexton grafikprocessor, 16 GB RAM, 1 TB SSD) - rymdgrå",27 855
"Apple 2021 MacBook Pro (14 tum, Apple M1 Pro-chip med tio processor och sexton grafikprocessor, 16 GB RAM, 1 TB SSD) - rymdgrå",27 855
"Apple 2021 MacBook Pro (14 tum, Apple M1 Pro-chip med tio processor och sexton grafikprocessor, 16 GB RAM, 1 TB SSD) - rymdgrå",27 855
"aiino EU-kontakt för Apple strömförsörjning – reservkontakt för MacBook, iPad, iPhone-laddare – kortslutningsskydd – flamskyddsmedel, vit",156
"aiino EU-kontakt för Apple strömförsörjning – reservkontakt för MacBook, iPad, iPhone-laddare – kortslutningsskydd – flamskyddsmedel, vit",156
"aiino EU-kontakt för Apple strömförsörjning – reservkontakt för MacBook, iPad, iPhone-laddare – kortslutningsskydd – flamskyddsmedel, vit",156
"aiino EU-kontakt för Apple strömförsörjning – reservkontakt för MacBook, iPad, iPhone-laddare – kortslutningsskydd – flamskyddsmedel, vit",156
Apple 96 W usb-c-strömadapter ​​​​​​​(senaste modell),916
Apple 96 W usb-c-strömadapter ​​​​​​​(senaste modell),916
Apple 96 W usb-c-strömadapter ​​​​​​​(senaste modell),916
"ByteFest SSD 1TB för Apple MacBook Air A1465 A1466 (mitten av 2013-2017), MacBook Pro Retina A1398 A1502 (2013-2015), iMac (2013-2017), Mac Pro (2013), Mac Mini (2014)...",1 699
"ByteFest SSD 1TB för Apple MacBook Air A1465 A1466 (mitten av 2013-2017), MacBook Pro Retina A1398 A1502 (2013-2015), iMac (2013-2017), Mac Pro (2013), Mac Mini (2014)...",1 699
"ByteFest SSD 1TB för Apple MacBook Air A1465 A1466 (mitten av 2013-2017), MacBook Pro Retina A1398 A1502 (2013-2015), iMac (2013-2017), Mac Pro (2013), Mac Mini (2014)...",1 699
"ByteFest SSD 1TB för Apple MacBook Air A1465 A1466 (mitten av 2013-2017), MacBook Pro Retina A1398 A1502 (2013-2015), iMac (2013-2017), Mac Pro (2013), Mac Mini (2014)...",1 699
"Apple 2022 iPad Air (Wi-Fi + Cellular, 64 GB) - rymdgrå (5:e generationen)",9 476
"Apple 2022 iPad Air (Wi-Fi + Cellular, 64 GB) - lila (5:e generationen)",7 081
"Apple 2022 iPad Air (Wi-Fi + Cellular, 64 GB) - blå (5:e generationen)",8 790
"Apple 2022 iPad Air (Wi-Fi + Cellular, 64 GB) - rosa (5:e generationen)",8 661
"Apple 2022 iPad Air (Wi-Fi + Cellular, 64 GB) - stjärnglans (5:e generationen)",9 770
"Apple 2022 iPad Air (Wi-Fi + Cellular, 256 GB) - rymdgrå (5:e generationen)",13 190
"Apple 2022 iPad Air (Wi-Fi + Cellular, 64 GB) - rymdgrå (5:e generationen)",9 476
"Apple 2022 iPad Air (Wi-Fi + Cellular, 64 GB) - rymdgrå (5:e generationen)",9 476
"Apple 2022 iPad Air (Wi-Fi + Cellular, 64 GB) - rymdgrå (5:e generationen)",9 476
"Apple 2022 iPad Air (Wi-Fi + Cellular, 64 GB) - rymdgrå (5:e generationen)",9 476
Name not found,Price not found
"14,1 Tum Full HD Fyrkärnig Bärbar Dator med 12 GB RAM, Lätt Mini, IPS-skärm,1 OS, Flera Portar, för Företag, Spel, Multimediakonsumtion, med Fingeravtryckssensor, 4.2 (EU-",4 279
"14,1 Tum Full HD Fyrkärnig Bärbar Dator med 12 GB RAM, Lätt Mini, IPS-skärm,1 OS, Flera Portar, för Företag, Spel, Multimediakonsumtion, med Fingeravtryckssensor, 4.2 (EU-",4 279
"14,1 Tum Full HD Fyrkärnig Bärbar Dator med 12 GB RAM, Lätt Mini, IPS-skärm,1 OS, Flera Portar, för Företag, Spel, Multimediakonsumtion, med Fingeravtryckssensor, 4.2 (EU-",4 279
Name not found,Price not found
"14,1 Tum 1366x768 Bärbar Dator, 6 GB RAM 128 GB SSD Bärbar Dator, 10 Pro, 2,4G BT 4.2, 4000mAh Batteri, Antiblått Ljus LED-skärm, 3D-ljud, USB 3.0/2.0-portar, Lätt ABS-material",2 639
"14,1 Tum 1366x768 Bärbar Dator, 6 GB RAM 128 GB SSD Bärbar Dator, 10 Pro, 2,4G BT 4.2, 4000mAh Batteri, Antiblått Ljus LED-skärm, 3D-ljud, USB 3.0/2.0-portar, Lätt ABS-material",2 639
Name not found,Price not found
"Industriell Bärbar Dator, 6 Tums Bärbar Dator 8GB LPDDR4 RAM för Industriell Kontroll (#1)",8 407
"Industriell Bärbar Dator, 6 Tums Bärbar Dator 8GB LPDDR4 RAM för Industriell Kontroll (#1)",8 407
Name not found,Price not found
"15,6 Tums Bärbar Dator, Full HD IPS-skärm, Fingeravtryckssensor, BT 4.2 med 2 MP Webbkamera, 12 GB RAM, 2,00 GHz CPU-processor för N5100 CPU (EU- 12GB+256GB)",3 791
"15,6 Tums Bärbar Dator, Full HD IPS-skärm, Fingeravtryckssensor, BT 4.2 med 2 MP Webbkamera, 12 GB RAM, 2,00 GHz CPU-processor för N5100 CPU (EU- 12GB+256GB)",3 791
"15,6 Tums Bärbar Dator, Full HD IPS-skärm, Fingeravtryckssensor, BT 4.2 med 2 MP Webbkamera, 12 GB RAM, 2,00 GHz CPU-processor för N5100 CPU (EU- 12GB+256GB)",3 791
"Timetec 1TB MAC SSD NVMe PCIe Gen3x4 3D NAND TLC Läs upp till 1900 MB/s Kompatibel med Apple MacBook Air (2013-2015, 2017), MacBook Pro (2013-2015), iMac (2013-2019), Mac Pro (2013), Mac Mini (2014)",1 350
"Timetec 1TB MAC SSD NVMe PCIe Gen3x4 3D NAND TLC Läs upp till 1900 MB/s Kompatibel med Apple MacBook Air (2013-2015, 2017), MacBook Pro (2013-2015), iMac (2013-2019), Mac Pro (2013), Mac Mini (2014)",1 350
"Timetec 1TB MAC SSD NVMe PCIe Gen3x4 3D NAND TLC Läs upp till 1900 MB/s Kompatibel med Apple MacBook Air (2013-2015, 2017), MacBook Pro (2013-2015), iMac (2013-2019), Mac Pro (2013), Mac Mini (2014)",1 350
szyuya Laptopbatteri A1405 kompatibel med MacBook Air 13 tum A1377 A1369 A1466 Late 2010 Mid 2011 Mid 2012 Mid 2013 Early 2014 2015 version,418
szyuya Laptopbatteri A1405 kompatibel med MacBook Air 13 tum A1377 A1369 A1466 Late 2010 Mid 2011 Mid 2012 Mid 2013 Early 2014 2015 version,418
szyuya Laptopbatteri A1405 kompatibel med MacBook Air 13 tum A1377 A1369 A1466 Late 2010 Mid 2011 Mid 2012 Mid 2013 Early 2014 2015 version,418
"MyGadget Skärmskydd matt HD kompatibel med Apple MacBook Air 13,6 tum (2022) M2 A2681 – reptåligt LCD-skärmskyddsfilm",114
"MyGadget Skärmskydd matt HD kompatibel med Apple MacBook Air 13,6 tum (2022) M2 A2681 – reptåligt LCD-skärmskyddsfilm",114
"MyGadget Skärmskydd matt HD kompatibel med Apple MacBook Air 13,6 tum (2022) M2 A2681 – reptåligt LCD-skärmskyddsfilm",114
Apple Magic Keyboard – svenskt ​​​​​​​,1 299
Apple Magic Keyboard – svenskt ​​​​​​​,1 299
"Fintie Fodral för MacBook Air 13 tum (2020 & 2019 & 2018 Release) A2179 / A1932 – Ultratunn Skyddande snap-on hårt skal skydd för Apple MacBook Air 13""Retina-Skärm, Touch ID, rosa (klar)",168
"Fintie Skal kompatibelt med MacBook Air 13 (2018–2020 version) A2337 (M1)/A2179/A1932, ultratunt hårt skyddsskal, snap Case, transparent (matt)",180
"FINTIE Fodral kompatibelt med MacBook Air 13 tum 2020/2019/2018 (A2337 M1/A2179/A1932) – matt fodral, tunt, lätt skydd mot fingeravtryck, frostad svart",172
"Fintie Fodral för MacBook Air 13 tum (2020 & 2019 & 2018 Release) A2179 / A1932 – Ultratunn Skyddande snap-on hårt skal skydd för Apple MacBook Air 13""Retina-Skärm, Touch ID, Frost Transparent",242
"FINTIE Fodral kompatibelt med MacBook Air 13 tum 2020/2019/2018 (A2337 M1/A2179/A1932) - matt fodral, tunt, lätt skydd mot fingeravtryck, frostad skogsgrön,",172
"Fintie Fodral kompatibelt med MacBook Air 13 tum (2020/2019/2018) - matt hårt fodral med smal finish för modell A2337(M1)/A2179/A1932, genomskinlig, ljusblå",184
"Fintie Fodral för MacBook Air 13 tum (2020 & 2019 & 2018 Release) A2179 / A1932 – Ultratunn Skyddande snap-on hårt skal skydd för Apple MacBook Air 13""Retina-Skärm, Touch ID, rosa (klar)",168
"Fintie Fodral för MacBook Air 13 tum (2020 & 2019 & 2018 Release) A2179 / A1932 – Ultratunn Skyddande snap-on hårt skal skydd för Apple MacBook Air 13""Retina-Skärm, Touch ID, rosa (klar)",168
"Fintie Fodral för MacBook Air 13 tum (2020 & 2019 & 2018 Release) A2179 / A1932 – Ultratunn Skyddande snap-on hårt skal skydd för Apple MacBook Air 13""Retina-Skärm, Touch ID, rosa (klar)",168
"Fintie Fodral för MacBook Air 13 tum (2020 & 2019 & 2018 Release) A2179 / A1932 – Ultratunn Skyddande snap-on hårt skal skydd för Apple MacBook Air 13""Retina-Skärm, Touch ID, rosa (klar)",168
"Ersättningsbatteri för Apple MacBook Air 13 tum A1466 batteri 8 000 mAh (mitten 2012, mitten 2013, början 2014, början 2015, 2017) A1369 (slutet av 2010, mitten av 2011 version) 8000 mAh,lämplig för",828
"Ersättningsbatteri för Apple MacBook Air 13 tum A1466 batteri 8 000 mAh (mitten 2012, mitten 2013, början 2014, början 2015, 2017) A1369 (slutet av 2010, mitten av 2011 version) 8000 mAh,lämplig för",828
"Ersättningsbatteri för Apple MacBook Air 13 tum A1466 batteri 8 000 mAh (mitten 2012, mitten 2013, början 2014, början 2015, 2017) A1369 (slutet av 2010, mitten av 2011 version) 8000 mAh,lämplig för",828
Apple 60 W usb-c-laddningskabel (1 m) ​​​​​​​,245
Apple 60 W usb-c-laddningskabel (1 m) ​​​​​​​,245
Apple 60 W usb-c-laddningskabel (1 m) ​​​​​​​,245
GAMERKING 256 GB SSD för MacBook NVMe PCIe Gen3 x 4 hårddisk intern solid state-drive-uppgradering för Apple MacBook Air A1466 A1465 (2013-2017)/MacBook Pro A1398 A1502 (Retina 2013-2015),875
GAMERKING 256 GB SSD för MacBook NVMe PCIe Gen3 x 4 hårddisk intern solid state-drive-uppgradering för Apple MacBook Air A1466 A1465 (2013-2017)/MacBook Pro A1398 A1502 (Retina 2013-2015),875
GAMERKING 256 GB SSD för MacBook NVMe PCIe Gen3 x 4 hårddisk intern solid state-drive-uppgradering för Apple MacBook Air A1466 A1465 (2013-2017)/MacBook Pro A1398 A1502 (Retina 2013-2015),875
"XINGLT A1932 A2179 ersättning laptopbatteri för Apple MacBook Air 13 tum Retina A1965 batteribyte hög effekt (slutet av 2018 2019, början 2020) EMC 3184 EMC 3302",877
"XINGLT A1932 A2179 ersättning laptopbatteri för Apple MacBook Air 13 tum Retina A1965 batteribyte hög effekt (slutet av 2018 2019, början 2020) EMC 3184 EMC 3302",877
"XINGLT A1932 A2179 ersättning laptopbatteri för Apple MacBook Air 13 tum Retina A1965 batteribyte hög effekt (slutet av 2018 2019, början 2020) EMC 3184 EMC 3302",877
Bluetooth-tangentbord och mus kombo för Mac QWERTY tyst trådlös tangentbordsmus kompatibel med alla Apple MacBook Air Pro iMac iPad (andra generationen),525
Bluetooth-tangentbord och mus kombo för Mac QWERTY tyst trådlös tangentbordsmus kompatibel med alla Apple MacBook Air Pro iMac iPad (andra generationen),525
Bluetooth-tangentbord och mus kombo för Mac QWERTY tyst trådlös tangentbordsmus kompatibel med alla Apple MacBook Air Pro iMac iPad (andra generationen),525
"tomtoc 360° väskfodral för 13-tums MacBook Air 2024-2018 M3/A3113 M2/A2681 M1/A2337, 13-tums MacBook Pro M2/A2686 M1/A2338 2022-2016, vattenavvisande fodral för bärbar dator fodral för bärbar dator",216
"tomtoc 360° väskfodral för 13-tums MacBook Air 2024-2018 M3/A3113 M2/A2681 M1/A2337, 13-tums MacBook Pro M2/A2686 M1/A2338 2022-2016, vattenavvisande fodral för bärbar dator fodral för bärbar dator",232
"tomtoc 360° fodral för 12,3-tums Surface Pro 7+/7/6/5/4/3/2/1 med Type Cover, 2024 13-tums Microsoft Surface Pro 10/9/8/X med Signature/X Keyboard, allroundskydd laptopväska laptopfodral fodral",319
"tomtoc 360° väskfodral för 13-tums MacBook Air 2024-2018 M3/A3113 M2/A2681 M1/A2337, 13-tums MacBook Pro M2/A2686 M1/A2338 2022-2016, vattenavvisande fodral för bärbar dator fodral för bärbar dator",294
"tomtoc 360° väskfodral för 13-tums MacBook Air 2024-2018 M3/A3113 M2/A2681 M1/A2337, 13-tums MacBook Pro M2/A2686 M1/A2338 2022-2016, vattenavvisande fodral för bärbar dator fodral för bärbar dator",300
"tomtoc 360° väskfodral för 13-tums MacBook Air 2024-2018 M3/A3113 M2/A2681 M1/A2337, 13-tums MacBook Pro M2/A2686 M1/A2338 2022-2016, vattenavvisande fodral för bärbar dator fodral för bärbar dator",257
"tomtoc 360° väskfodral för 13-tums MacBook Air 2024-2018 M3/A3113 M2/A2681 M1/A2337, 13-tums MacBook Pro M2/A2686 M1/A2338 2022-2016, vattenavvisande fodral för bärbar dator fodral för bärbar dator",216
"tomtoc 360° väskfodral för 13-tums MacBook Air 2024-2018 M3/A3113 M2/A2681 M1/A2337, 13-tums MacBook Pro M2/A2686 M1/A2338 2022-2016, vattenavvisande fodral för bärbar dator fodral för bärbar dator",216
"tomtoc 360° väskfodral för 13-tums MacBook Air 2024-2018 M3/A3113 M2/A2681 M1/A2337, 13-tums MacBook Pro M2/A2686 M1/A2338 2022-2016, vattenavvisande fodral för bärbar dator fodral för bärbar dator",216
"tomtoc 360° väskfodral för 13-tums MacBook Air 2024-2018 M3/A3113 M2/A2681 M1/A2337, 13-tums MacBook Pro M2/A2686 M1/A2338 2022-2016, vattenavvisande fodral för bärbar dator fodral för bärbar dator",216
Name not found,Price not found
"tomtoc 360° väskfodral för 13-tums MacBook Air 2024-2018 M3/A3113 M2/A2681 M1/A2337, 13-tums MacBook Pro M2/A2686 M1/A2338 2022-2016, vattenavvisande fodral för bärbar dator fodral för bärbar dator",216
Name not found,Price not found
Name not found,Price not found
Name not found,Price not found
Name not found,Price not found
"RDY Laptop Akku A1496 A1405 A1377 Batteri för Apple MacBook Air 13 A1466 A1369 (2010, 2011, 2012, 2013, 2014, 2015, 2017) (Kapacitet: 6000 mAh 7.6V)",421
"RDY Laptop Akku A1496 A1405 A1377 Batteri för Apple MacBook Air 13 A1466 A1369 (2010, 2011, 2012, 2013, 2014, 2015, 2017) (Kapacitet: 6000 mAh 7.6V)",421
"RDY Laptop Akku A1496 A1405 A1377 Batteri för Apple MacBook Air 13 A1466 A1369 (2010, 2011, 2012, 2013, 2014, 2015, 2017) (Kapacitet: 6000 mAh 7.6V)",421
"USB-C till HDMI Multiport-adapter med HDMI 4K @60 Hz utgång USB 3.0-port och USB-C-laddningsport, typ-C till digital AV-hub för Apple iPhone 15, MacBook Pro/Air, iPad Pro, iMac, Galaxy S22 More (vit)",199
"USB-C till HDMI Multiport-adapter med HDMI 4K @60 Hz utgång USB 3.0-port och USB-C-laddningsport, typ-C till digital AV-hub för Apple iPhone 15, MacBook Pro/Air, iPad Pro, iMac, Galaxy S22 More (vit)",199
"USB-C till HDMI Multiport-adapter med HDMI 4K @60 Hz utgång USB 3.0-port och USB-C-laddningsport, typ-C till digital AV-hub för Apple iPhone 15, MacBook Pro/Air, iPad Pro, iMac, Galaxy S22 More (vit)",199
"iProPower A1377 A1405 A1496 bärbar dator batteri för Apple MacBook Air 13"" tum A1369 A1466 A1496 MacBookAir4,2/5,2/6,2/7,2 laptop batterier",519
"iProPower A1377 A1405 A1496 bärbar dator batteri för Apple MacBook Air 13"" tum A1369 A1466 A1496 MacBookAir4,2/5,2/6,2/7,2 laptop batterier",519
"iProPower A1377 A1405 A1496 bärbar dator batteri för Apple MacBook Air 13"" tum A1369 A1466 A1496 MacBookAir4,2/5,2/6,2/7,2 laptop batterier",519
"iNeseon Fodral Case Kompatibel med MacBook Air 13 Retina (A2337 M1/ A2179/ A1932), Tunt Svårt Fall Plastöverdrag + Tangentbordsskydd Kompatibel med 2018-2021 MacBook Air 13-tum, Rosenkvarts",168
"iNeseon Fodral Kompatibel med 2015-2017 MacBook 12 tum (med Retina Display Modell A1534), Hårt Skal Plasthölje och Tangentbordskydd för 12 tum MacBook, Kristallklart",150
"iNeseon Fodral Case Kompatibel med MacBook Air 13 Retina (A2337 M1/ A2179/ A1932), Tunt Svårt Fall Plastöverdrag + Tangentbordsskydd Kompatibel med 2018-2021 MacBook Air 13-tum, Svart",162
"iNeseon Fodral Case Kompatibel med MacBook Air 13 Retina (A2337 M1/ A2179/ A1932), Tunt Svårt Fall Plastöverdrag + Tangentbordsskydd Kompatibel med 2018-2021 MacBook Air 13-tum, Mintgrön",182
"iNeseon Fodral Case Kompatibel med MacBook Air 13 Retina (A2337 M1/ A2179/ A1932), Hårt Skal + Tangentbordsskydd + USB C-adapter för MacBook Air 13-tums med Touch ID, Klar glänsande",196
"iNeseon Fodral Case Kompatibel med MacBook Air 13 Retina (A2337 M1/ A2179/ A1932), Tunt Svårt Fall Plastöverdrag + Tangentbordsskydd Kompatibel med 2018-2021 MacBook Air 13-tum, Kristallrosa",182
"iNeseon Fodral Case Kompatibel med MacBook Air 13 Retina (A2337 M1/ A2179/ A1932), Tunt Svårt Fall Plastöverdrag + Tangentbordsskydd Kompatibel med 2018-2021 MacBook Air 13-tum, Rosenkvarts",168
"iNeseon Fodral Case Kompatibel med MacBook Air 13 Retina (A2337 M1/ A2179/ A1932), Tunt Svårt Fall Plastöverdrag + Tangentbordsskydd Kompatibel med 2018-2021 MacBook Air 13-tum, Rosenkvarts",168
"iNeseon Fodral Case Kompatibel med MacBook Air 13 Retina (A2337 M1/ A2179/ A1932), Tunt Svårt Fall Plastöverdrag + Tangentbordsskydd Kompatibel med 2018-2021 MacBook Air 13-tum, Rosenkvarts",168
"iNeseon Fodral Case Kompatibel med MacBook Air 13 Retina (A2337 M1/ A2179/ A1932), Tunt Svårt Fall Plastöverdrag + Tangentbordsskydd Kompatibel med 2018-2021 MacBook Air 13-tum, Rosenkvarts",168
"iNeseon Fodral Case Kompatibel med MacBook Air 13 Retina (A2337 M1/ A2179/ A1932), Tunt Svårt Fall Plastöverdrag + Tangentbordsskydd Kompatibel med 2018-2021 MacBook Air 13-tum, Rosenkvarts",168
"ICTION A1932 A2179 A2337 CPU-kylfläkt för Apple MacBook Air 13,3 tum A1932 A2179 A2337 fläkt 2018 2019 2020 år",129
"ICTION A1932 A2179 A2337 CPU-kylfläkt för Apple MacBook Air 13,3 tum A1932 A2179 A2337 fläkt 2018 2019 2020 år",129
"ICTION A1932 A2179 A2337 CPU-kylfläkt för Apple MacBook Air 13,3 tum A1932 A2179 A2337 fläkt 2018 2019 2020 år",129
Name not found,15 490
Name not found,830
Name not found,866
Name not found,866
Name not found,866
Name not found,15 490
Name not found,15 490
Name not found,15 490
Name not found,15 490
kwmobile Tangentbordsskydd kompatibelt med Apple Macbook Air 15 M3 2024 A3114 – tangentbordsskydd ryska QWERTY – svart,82
kwmobile Tangentbordsskydd kompatibelt med Apple Macbook Air 15 M3 2024 A3114 – tangentbordsskydd ryska QWERTY – svart,82
kwmobile Tangentbordsskydd kompatibelt med Apple Macbook Air 15 M3 2024 A3114 – tangentbordsskydd ryska QWERTY – svart,82
"Kensington MagPro Elite Sekretessfilter För MacBook Air 13.6"" M2 2022, Magnetiskt Skärmskydd Som Reducerar Reflektion, För Apple Mac Laptops, Tunnt, Vändbart Filter Som Reducerar Blått Ljus (K58374WW)",758
"Kensington MagPro Elite Sekretessfilter För MacBook Air 13.6"" M2 2022, Magnetiskt Skärmskydd Som Reducerar Reflektion, För Apple Mac Laptops, Tunnt, Vändbart Filter Som Reducerar Blått Ljus (K58374WW)",758
"Kensington MagPro Elite Sekretessfilter För MacBook Air 13.6"" M2 2022, Magnetiskt Skärmskydd Som Reducerar Reflektion, För Apple Mac Laptops, Tunnt, Vändbart Filter Som Reducerar Blått Ljus (K58374WW)",758
"Trådbundet bakgrundsbelyst tangentbord för Mac OS, Seenda smalt tangentbord i full storlek med USB och typ C 2-i-1-kontakt kompatibel med Apple iMac, MacBook Pro/Air, Mac Pro, Mac Mini, Mac Mac-layout – svart och grå",505
"Trådbundet bakgrundsbelyst tangentbord för Mac OS, Seenda smalt tangentbord i full storlek med USB och typ C 2-i-1-kontakt kompatibel med Apple iMac, MacBook Pro/Air, Mac Pro, Mac Mini, Mac Mac-layout – svart och grå",505
"Trådbundet bakgrundsbelyst tangentbord för Mac OS, Seenda smalt tangentbord i full storlek med USB och typ C 2-i-1-kontakt kompatibel med Apple iMac, MacBook Pro/Air, Mac Pro, Mac Mini, Mac Mac-layout – svart och grå",505
"ZYB Fodral Kompatibelt med MacBook Air 13 Tum Retina M1 2020 2019 2018 Modell A2337 A2179 A1932, Smal Hård Plastfodral Case Cover, Blank Yta, Kristallklart",175
"ZYB Fodral Kompatibelt med MacBook Air 13 Tum Retina M1 2020 2019 2018 Modell A2337 A2179 A1932, Smal Hård Plastfodral Case Cover, Blank Yta, Glitter Transparent",175
"ZYB Fodral Kompatibelt med MacBook Air M2 13,6 Tum 2022 Modell A2681, Smal Hård Plastfodral Case Cover, Matt Yta, Randig djup kricka",175
"ZYB Fodral Kompatibelt med MacBook Air 13 Tum Retina M1 2020 2019 2018 Modell A2337 A2179 A1932, Smal Hård Plastfodral Case Cover, Matt Yta, Svart",129
"ZYB Fodral Kompatibelt med MacBook Air 13 Tum Retina M1 2020 2019 2018 Modell A2337 A2179 A1932, Smal Hård Plastfodral Case Cover, Matt Yta, Randig genomskinlig",129
"ZYB Fodral Kompatibelt med MacBook Pro 16 Tum 2023 2021 M3 M2 M1 Pro/Max Modell A2991 A2789 A2485, Smal Hård Plastfodral Case Cover, Matt Yta, Djup kricka",205
"ZYB Fodral Kompatibelt med MacBook Air 13 Tum Retina M1 2020 2019 2018 Modell A2337 A2179 A1932, Smal Hård Plastfodral Case Cover, Blank Yta, Kristallklart",175
"ZYB Fodral Kompatibelt med MacBook Air 13 Tum Retina M1 2020 2019 2018 Modell A2337 A2179 A1932, Smal Hård Plastfodral Case Cover, Blank Yta, Kristallklart",175
"ZYB Fodral Kompatibelt med MacBook Air 13 Tum Retina M1 2020 2019 2018 Modell A2337 A2179 A1932, Smal Hård Plastfodral Case Cover, Blank Yta, Kristallklart",175
"ZYB Fodral Kompatibelt med MacBook Air 13 Tum Retina M1 2020 2019 2018 Modell A2337 A2179 A1932, Smal Hård Plastfodral Case Cover, Blank Yta, Kristallklart",175
"ZYB Fodral Kompatibelt med MacBook Air 13 Tum Retina M1 2020 2019 2018 Modell A2337 A2179 A1932, Smal Hård Plastfodral Case Cover, Blank Yta, Kristallklart",175
